"fthrc","ftsanders","ideo5","pid3","race_white","gender","birthyr"
76,84,6,1,1,1,1960
52,13,2,3,1,2,1957
1,2,4,2,1,1,1963
69,71,2,1,1,1,1980
1,13,4,4,1,1,1974
1,11,4,3,1,1,1958
60,100,1,1,1,1,1978
0,40,5,2,1,1,1951
3,31,4,3,1,1,1973
87,97,2,1,1,1,1936
6,51,4,2,1,1,1978
10,10,4,3,1,2,1943
49,90,3,1,1,1,1936
3,41,5,2,1,2,1938
1,1,4,2,1,2,1956
0,10,3,3,0,1,1984
79,77,3,1,1,1,1981
79,100,3,1,1,2,1945
0,0,5,3,1,1,1961
87,81,2,1,1,2,1958
94,61,2,1,1,2,1950
2,90,5,2,1,1,1955
65,85,1,3,1,1,1954
68,89,2,1,1,2,1945
53,69,1,1,1,1,1978
50,38,3,3,1,1,1981
0,0,4,2,1,2,1949
41,100,2,1,1,2,1944
70,99,2,1,1,2,1955
85,83,2,1,1,2,1951
92,89,5,2,1,2,1994
21,98,1,1,1,1,1950
1,1,5,3,1,1,1953
0,4,5,2,1,2,1971
77,62,3,1,1,1,1967
93,96,1,1,1,1,1945
100,1,1,1,1,2,1948
52,71,3,3,1,1,1976
7,20,3,3,1,1,1955
9,6,3,2,1,2,1957
94,56,4,1,1,1,1953
94,84,1,1,1,2,1973
10,10,4,3,1,1,1944
99,90,3,1,1,1,1956
100,100,2,1,1,1,1949
0,1,3,3,1,1,1962
98,50,4,1,1,2,1952
3,47,3,1,0,1,1972
83,100,2,1,1,2,1960
1,10,5,3,1,1,1978
98,16,1,1,1,2,1976
75,95,3,1,1,1,1977
10,21,4,2,1,1,1940
99,64,1,1,0,2,1983
3,42,4,2,1,2,1978
31,86,6,4,0,1,1978
1,4,5,4,1,1,1974
99,91,3,3,1,2,1973
2,28,3,3,1,1,1970
1,54,3,2,1,1,1977
0,0,5,2,1,1,1962
16,50,4,2,1,2,1989
78,100,2,1,1,2,1960
10,20,4,3,1,1,1968
100,100,1,1,0,1,1969
61,70,3,3,1,1,1984
54,81,2,1,0,1,1958
95,100,1,1,1,1,1936
1,3,4,3,1,1,1967
0,0,4,4,1,1,1974
2,41,4,3,1,2,1964
93,97,1,3,1,1,1959
78,100,1,1,1,1,1956
4,28,3,3,1,1,1942
61,57,3,3,1,2,1938
1,0,4,3,1,1,1953
95,86,2,1,1,2,1936
0,10,5,3,1,1,1961
0,0,5,2,1,1,1953
7,51,3,3,1,1,1961
1,30,3,4,1,2,1947
56,49,1,3,0,2,1973
100,100,3,1,0,2,1952
47,50,2,1,0,2,1964
59,92,3,2,1,1,1954
2,29,5,2,1,2,1967
12,100,2,1,1,1,1963
50,50,3,3,0,2,1986
0,62,4,3,1,2,1946
0,1,3,3,1,1,1969
60,90,2,1,1,2,1986
90,90,2,1,1,1,1956
0,10,4,3,1,2,1953
75,95,3,1,1,2,1940
60,96,2,1,1,1,1951
77,91,3,3,1,2,1973
5,4,5,2,1,2,1933
5,41,4,3,1,1,1960
100,98,1,3,1,2,1968
0,10,4,3,1,1,1943
87,99,1,3,1,1,1937
0,0,4,2,1,1,1962
100,100,2,1,1,1,1962
100,0,1,1,0,2,1944
20,42,6,3,1,1,1977
76,100,6,4,0,2,1991
10,3,5,4,1,1,1965
100,80,3,1,1,2,1943
100,70,2,1,1,1,1955
3,31,4,2,1,2,1954
3,16,4,2,1,1,1931
95,71,3,1,1,1,1953
1,3,4,3,1,1,1949
4,5,4,2,1,2,1932
71,71,2,1,1,2,1973
51,50,6,3,1,2,1973
50,55,3,3,1,1,1972
0,90,5,1,1,1,1961
55,63,4,3,1,1,1964
61,90,3,1,1,1,1952
4,21,3,4,1,2,1972
3,52,6,3,1,2,1947
3,3,3,1,0,1,1945
35,35,5,2,1,2,1963
29,61,6,3,1,1,1952
80,99,2,1,1,2,1961
100,79,3,1,1,2,1939
0,91,5,4,1,1,1937
59,74,4,2,1,1,1954
84,45,1,1,1,2,1966
46,100,1,1,0,2,1975
70,31,3,2,1,1,1957
0,59,6,3,1,1,1958
31,53,4,2,1,2,1959
91,71,2,1,0,1,1962
60,60,3,1,1,2,1941
10,10,3,2,1,2,1941
4,49,6,2,1,2,1950
1,67,4,1,0,1,1938
3,11,4,1,1,1,1960
4,41,3,1,0,1,1978
59,64,3,3,1,2,1948
100,70,1,1,1,1,1959
97,75,1,1,0,1,1961
86,67,3,3,1,2,1956
4,17,4,2,1,1,1977
71,66,3,1,0,1,1959
6,51,3,2,1,2,1955
0,2,4,2,1,1,1982
65,100,2,1,1,1,1965
4,70,4,3,1,2,1975
40,71,3,2,1,2,1964
1,0,5,2,1,1,1953
12,29,4,2,1,2,1950
0,30,4,2,1,2,1955
70,51,4,4,1,1,1972
100,95,3,1,0,1,1955
0,50,5,2,1,1,1964
0,1,4,3,1,1,1958
66,100,1,1,1,1,1953
1,1,5,2,1,2,1942
0,31,3,3,1,2,1950
100,90,1,1,0,2,1964
85,67,3,1,1,1,1946
33,50,3,1,0,2,1972
1,41,4,2,1,1,1938
0,1,4,2,1,1,1954
24,27,3,3,1,2,1954
0,55,4,3,1,1,1990
41,60,2,1,0,2,1981
0,0,4,3,1,1,1950
6,5,6,3,1,2,1980
75,86,2,1,1,2,1940
0,0,5,2,1,1,1936
61,100,1,1,0,2,1961
1,9,4,2,1,2,1986
0,12,4,3,1,1,1954
1,65,4,2,1,1,1959
12,72,4,2,1,2,1959
100,95,2,1,1,2,1968
1,10,4,3,1,1,1946
13,28,4,2,1,2,1932
0,0,4,2,1,2,1957
73,86,2,1,0,2,1955
9,30,3,3,1,1,1979
75,0,2,1,1,2,1975
42,99,1,1,1,2,1956
6,31,4,2,1,1,1973
0,2,5,3,1,2,1953
0,2,5,3,1,2,1980
88,88,3,3,1,2,1952
70,90,3,1,1,1,1974
12,5,3,2,1,2,1957
24,15,3,3,1,1,1982
3,20,4,3,0,2,1961
0,0,5,2,1,1,1925
0,1,4,2,1,1,1980
1,53,3,3,1,1,1952
35,100,1,1,1,2,1984
9,2,5,2,1,2,1960
15,22,5,2,1,1,1937
97,84,3,1,1,1,1978
95,99,2,1,1,2,1961
61,65,4,1,0,1,1954
4,4,5,2,1,2,1960
8,41,6,1,1,2,1952
85,70,4,1,0,2,1941
0,2,5,3,1,1,1941
54,77,3,3,1,2,1961
4,4,4,2,1,1,1989
4,3,4,3,1,1,1967
0,41,4,2,1,2,1962
63,76,2,3,0,1,1976
65,40,3,1,1,2,1955
0,45,3,3,1,1,1959
89,90,1,3,1,2,1956
8,33,3,3,1,2,1951
16,59,3,3,1,2,1947
4,51,4,2,1,1,1947
11,1,5,2,1,2,1984
0,16,3,2,1,2,1939
50,96,2,3,1,2,1978
30,70,4,3,1,2,1932
47,16,5,1,1,2,1973
100,30,1,1,1,2,1955
1,14,4,2,1,2,1970
0,31,4,3,1,1,1942
1,47,4,2,1,2,1960
75,92,2,1,1,2,1958
1,20,4,3,1,1,1946
80,97,3,1,1,2,1972
2,24,4,3,1,1,1972
49,61,3,3,1,2,1988
0,20,4,3,1,1,1963
0,45,4,1,1,1,1965
33,86,1,1,1,1,1988
98,44,2,1,1,1,1948
0,1,4,3,1,1,1976
79,68,4,2,0,1,1977
1,60,3,2,1,2,1954
89,53,3,1,0,2,1955
0,78,5,3,1,2,1977
49,53,2,3,1,2,1963
40,41,3,2,1,1,1983
3,22,4,2,1,2,1976
96,99,1,1,1,2,1964
98,83,2,1,1,2,1959
55,50,4,4,1,1,1977
89,67,3,1,1,1,1975
80,56,3,2,1,1,1953
0,0,5,2,1,1,1966
86,31,3,1,1,2,1956
4,12,4,2,1,1,1956
0,15,4,3,1,2,1933
94,71,2,1,1,2,1954
91,75,3,1,1,2,1939
0,0,6,2,0,1,1958
2,28,3,1,1,2,1957
59,82,1,1,1,2,1988
95,41,2,3,0,1,1954
12,16,3,2,1,1,1956
98,69,2,3,0,1,1941
3,21,3,3,1,2,1938
5,17,5,2,1,1,1936
1,2,4,3,1,1,1957
73,41,3,3,1,1,1967
90,80,2,1,0,1,1956
62,94,3,1,1,2,1933
36,91,2,3,1,1,1996
80,99,1,1,1,1,1955
67,99,2,3,1,2,1952
5,28,4,2,1,2,1975
0,30,4,4,0,1,1988
1,1,5,4,1,1,1957
100,99,2,1,0,2,1947
1,2,3,2,1,1,1959
31,100,2,1,1,2,1946
71,84,2,1,1,2,1977
1,2,5,4,0,1,1958
6,6,3,3,1,1,1956
0,51,3,4,1,2,1952
51,16,3,2,1,2,1955
88,86,1,1,1,1,1949
91,74,3,1,0,1,1954
6,69,4,2,1,1,1951
18,18,3,3,1,2,1956
100,76,4,1,0,1,1961
30,74,3,1,1,2,1943
3,49,4,3,1,2,1961
41,40,3,1,1,2,1940
65,57,4,1,0,1,1986
52,36,4,2,0,1,1980
70,75,3,1,1,2,1947
69,59,4,3,1,2,1965
0,32,4,3,1,1,1954
2,20,5,3,1,2,1961
98,97,2,1,1,2,1951
0,2,4,2,1,1,1965
52,84,1,1,1,2,1950
0,1,5,3,1,2,1964
85,96,3,1,0,2,1943
52,50,3,2,0,2,1969
1,38,4,2,1,2,1943
2,4,4,2,1,2,1957
20,6,6,1,1,2,1961
97,97,1,1,1,2,1945
0,0,5,4,0,2,1955
71,94,2,3,0,2,1963
0,0,4,3,1,1,1976
11,63,3,3,0,2,1983
1,22,3,3,1,1,1954
0,1,5,2,1,2,1926
71,17,2,1,1,2,1972
64,71,4,2,1,1,1965
50,50,3,1,1,2,1955
2,1,6,3,1,2,1947
100,91,3,1,0,1,1951
1,6,4,4,1,1,1940
81,39,5,1,0,2,1984
83,51,3,1,1,2,1956
99,6,5,1,0,2,1960
1,2,3,1,1,2,1943
2,19,3,3,1,2,1972
75,7,2,1,1,2,1972
10,5,4,3,1,1,1974
60,100,3,3,1,1,1973
94,23,3,1,1,2,1946
61,59,3,2,1,1,1949
49,50,2,1,0,1,1968
93,64,2,1,1,2,1968
1,12,4,2,1,2,1960
96,88,3,3,1,2,1945
9,1,4,2,1,1,1981
65,75,2,1,0,1,1992
97,71,3,1,0,2,1950
1,0,4,3,1,1,1947
0,0,5,2,1,1,1975
1,1,5,2,1,2,1945
6,97,3,3,1,1,1942
97,72,1,1,0,2,1943
100,50,3,1,0,1,1951
100,19,4,1,1,2,1943
0,2,4,2,1,2,1956
0,1,4,3,1,2,1939
90,100,3,1,1,2,1954
60,90,3,4,1,1,1936
44,57,3,2,1,2,1963
60,100,2,3,0,1,1974
0,2,3,3,1,2,1985
1,49,4,2,1,2,1950
82,1,1,3,1,1,1954
0,0,5,2,1,2,1961
64,30,4,3,1,1,1943
74,68,4,3,0,2,1990
41,84,3,3,1,2,1966
21,1,4,3,1,1,1955
30,84,3,1,1,1,1953
0,5,3,3,0,2,1951
85,46,2,3,1,1,1951
31,38,4,2,1,2,1978
0,100,2,1,1,1,1949
20,61,3,1,1,1,1957
69,3,4,1,1,1,1981
1,2,6,3,1,1,1971
25,15,3,3,1,2,1943
0,0,4,2,1,2,1956
79,100,1,1,1,2,1960
11,40,3,2,0,2,1962
55,50,4,2,1,2,1962
100,50,3,1,0,2,1947
1,2,5,2,1,1,1958
0,10,4,3,1,1,1954
0,1,5,2,1,2,1958
58,62,2,1,1,1,1965
90,70,3,1,0,2,1955
3,3,4,2,1,2,1947
2,6,5,3,1,1,1993
0,3,5,2,1,2,1950
0,0,5,3,1,1,1967
0,0,4,3,1,1,1974
71,59,4,1,0,2,1965
99,76,1,1,0,1,1992
0,50,3,3,0,2,1982
99,88,1,1,0,2,1957
25,6,3,2,1,1,1954
65,51,3,2,1,1,1964
6,18,6,3,1,2,1988
67,80,3,3,1,1,1982
0,1,5,2,1,2,1973
91,74,3,3,0,1,1952
58,76,3,1,1,2,1957
99,2,3,1,0,1,1975
75,58,6,1,1,2,1984
1,7,5,2,1,1,1982
47,74,4,4,1,1,1952
1,50,4,3,1,1,1945
1,1,4,4,0,1,1956
51,93,2,1,1,2,1980
30,49,4,3,1,2,1973
2,34,4,3,1,1,1974
100,7,4,1,0,2,1949
11,5,4,2,1,1,1945
100,47,2,1,0,2,1957
1,0,4,3,1,2,1940
91,88,2,1,0,1,1988
100,99,2,1,0,1,1945
0,3,4,2,1,2,1954
82,96,3,1,0,2,1975
1,30,4,3,1,1,1961
1,5,4,3,1,2,1961
81,91,2,1,1,2,1960
2,2,4,3,0,1,1947
4,6,3,3,1,2,1953
3,5,4,2,1,1,1950
60,90,2,1,1,2,1980
100,51,2,1,1,2,1955
19,20,3,2,1,2,1942
5,30,5,2,1,1,1927
4,2,5,3,1,1,1950
1,1,5,3,0,2,1957
0,50,3,3,1,1,1952
75,75,3,1,0,1,1975
49,55,6,3,0,2,1980
1,16,4,2,1,1,1946
52,54,3,3,1,1,1945
70,100,2,3,1,1,1954
76,86,3,3,1,2,1956
0,0,4,2,1,2,1958
85,90,3,3,1,1,1957
72,75,4,3,1,1,1956
0,21,4,3,1,2,1948
89,88,4,1,0,2,1953
1,5,3,3,1,1,1954
60,99,1,1,1,2,1951
0,50,3,2,1,2,1960
21,32,4,2,1,2,1959
1,19,5,2,1,2,1953
63,98,6,1,0,2,1950
2,2,4,2,1,1,1937
0,0,5,2,1,1,1964
1,30,4,2,1,2,1961
84,69,1,3,1,1,1953
18,40,4,3,1,2,1956
23,30,3,3,1,1,1953
41,41,3,2,1,2,1964
75,95,1,1,0,1,1976
0,5,4,3,1,1,1942
30,998,3,1,1,2,1961
0,0,5,4,1,1,1952
84,42,3,3,1,2,1956
5,11,4,2,1,1,1968
0,23,5,2,1,1,1972
56,58,2,1,1,2,1965
41,100,2,4,1,2,1958
66,32,3,3,0,2,1960
77,90,2,1,1,1,1989
11,6,4,3,1,1,1950
71,31,6,1,0,2,1967
100,22,3,1,1,2,1944
1,21,3,3,1,1,1949
64,59,3,1,1,2,1980
85,78,2,1,1,2,1966
75,65,3,1,1,1,1980
77,91,5,2,0,1,1989
7,20,5,2,1,1,1970
72,85,2,1,1,1,1945
0,0,3,3,1,2,1990
5,0,5,4,0,1,1946
85,85,3,1,0,1,1961
74,84,3,3,0,2,1984
33,5,5,3,1,1,1994
0,6,6,2,1,2,1938
0,0,3,2,1,2,1971
1,37,5,2,1,2,1986
96,85,3,1,1,1,1951
3,4,5,2,0,2,1983
0,40,5,2,1,2,1942
100,100,1,1,0,2,1961
0,30,4,3,1,2,1945
79,39,2,1,0,1,1974
78,100,2,1,1,1,1952
76,55,2,3,1,2,1977
99,0,1,1,1,2,1941
1,3,6,3,0,1,1974
70,30,4,1,1,2,1968
16,50,4,2,0,1,1957
85,87,3,1,0,2,1959
0,15,4,2,1,2,1955
99,98,2,1,1,1,1949
1,1,5,3,0,1,1962
51,86,3,1,1,1,1951
18,9,4,2,1,2,1953
5,9,3,2,0,2,1959
95,51,3,1,0,2,1973
81,73,3,1,1,2,1945
19,62,3,2,1,2,1959
60,94,1,1,1,2,1985
91,51,1,1,1,2,1938
98,85,3,3,0,1,1958
64,87,1,1,1,2,1956
53,56,3,1,1,2,1982
64,0,3,1,0,2,1977
75,70,1,1,0,1,1960
0,0,5,4,1,2,1964
100,90,3,2,0,2,1938
94,86,3,1,0,1,1949
49,71,3,2,1,2,1962
68,85,2,1,0,1,1980
71,2,4,3,0,2,1974
1,1,4,2,1,1,1948
2,2,5,4,1,2,1946
72,41,4,1,1,2,1933
0,0,6,4,1,1,1959
2,4,5,2,1,1,1949
0,6,5,4,1,1,1964
0,12,4,2,1,1,1959
0,1,5,2,1,1,1952
35,40,1,1,1,1,1954
0,80,3,4,1,2,1953
84,19,4,1,1,1,1959
5,28,4,2,1,2,1942
2,3,5,3,1,1,1953
100,86,2,1,1,1,1955
0,0,5,3,1,1,1953
99,71,1,1,1,2,1940
88,84,2,1,0,2,1963
0,6,5,4,0,2,1968
90,100,1,1,1,2,1983
99,75,2,1,1,2,1946
16,62,3,3,0,2,1949
0,40,4,2,1,2,1964
0,32,3,4,1,1,1945
1,51,4,3,1,2,1936
71,52,3,1,1,2,1972
51,36,2,3,1,1,1988
6,17,5,2,1,2,1975
100,100,2,1,1,1,1938
33,35,4,1,0,2,1965
50,61,3,3,0,1,1979
3,63,6,3,0,1,1990
35,55,4,3,1,1,1934
20,100,1,1,1,2,1960
72,52,2,1,0,2,1955
3,40,3,4,1,1,1954
1,64,4,3,1,2,1948
89,88,2,1,1,1,1956
38,39,3,1,1,2,1962
6,2,3,3,1,1,1974
100,10,3,1,1,2,1963
2,55,3,3,1,1,1948
56,90,2,1,1,2,1992
97,50,4,1,1,1,1959
0,1,3,4,1,1,1992
81,100,2,1,1,1,1955
100,1,2,1,0,1,1952
1,3,5,2,1,1,1953
85,60,3,4,1,2,1958
12,70,3,2,1,2,1955
82,88,1,1,0,1,1983
9,19,2,3,1,2,1991
57,59,3,2,1,1,1980
67,55,2,1,1,1,1982
5,21,3,3,1,1,1936
1,16,3,4,1,1,1930
91,75,2,1,0,2,1941
11,61,3,3,1,2,1956
20,74,4,2,1,2,1984
57,48,3,3,1,1,1979
78,50,1,1,0,1,1992
0,0,4,2,1,1,1945
3,50,4,3,1,2,1968
0,0,4,2,1,1,1977
100,50,3,1,1,2,1968
25,35,3,3,1,1,1993
99,0,2,1,0,2,1972
84,94,2,3,1,2,1972
0,0,5,2,1,1,1921
55,13,3,1,1,2,1964
2,5,3,3,0,2,1940
54,90,3,1,0,1,1979
20,100,1,1,1,1,1989
9,16,4,3,1,1,1939
56,64,6,4,0,1,1972
2,10,5,2,0,1,1964
92,58,6,3,1,2,1972
78,96,1,1,1,1,1956
75,75,2,1,1,2,1946
65,99,2,1,1,2,1983
40,51,3,3,1,1,1991
89,99,6,1,1,2,1961
3,51,3,3,1,2,1975
70,50,3,1,1,2,1958
12,16,3,3,0,1,1963
20,90,1,1,1,1,1973
0,0,5,3,1,2,1956
38,54,1,3,0,2,1987
9,53,3,2,1,2,1986
95,84,1,1,1,1,1994
90,50,3,1,0,1,1956
6,51,3,1,0,2,1973
100,998,3,1,1,2,1950
60,86,2,1,1,2,1944
53,27,5,2,0,2,1961
81,6,3,1,0,2,1974
1,71,3,3,0,2,1955
30,50,2,3,1,1,1972
39,60,3,1,1,1,1971
2,4,5,2,1,1,1962
9,18,5,1,0,1,1978
65,37,5,1,0,2,1982
41,59,3,2,1,2,1955
100,89,1,1,0,1,1983
53,77,1,1,0,2,1992
97,15,3,1,0,2,1958
81,51,6,1,0,2,1954
98,67,2,1,1,2,1943
50,51,3,3,1,1,1954
100,89,1,1,1,2,1973
2,1,3,3,0,2,1987
54,77,2,3,1,1,1989
60,30,6,3,0,1,1975
95,99,1,1,1,1,1983
3,61,4,2,1,2,1939
34,36,4,1,0,2,1985
3,3,6,3,0,2,1965
21,59,4,2,1,1,1940
17,49,3,3,1,1,1978
3,2,6,4,1,1,1984
10,30,4,3,1,2,1949
50,55,3,2,0,2,1943
10,72,3,3,1,1,1973
86,60,1,1,1,1,1988
41,30,3,2,1,2,1962
69,80,6,1,0,2,1960
0,20,4,2,1,2,1938
92,6,1,1,0,1,1995
0,18,4,4,1,2,1959
0,0,4,3,1,2,1956
0,5,5,2,1,2,1981
85,70,4,2,1,1,1973
50,50,3,3,0,1,1994
100,59,3,1,0,1,1993
61,60,4,1,1,1,1958
0,0,5,3,1,1,1973
2,50,4,2,1,2,1979
85,41,2,1,0,2,1967
48,50,3,3,1,1,1985
79,86,1,1,0,2,1978
51,48,3,3,0,2,1955
74,92,1,1,1,2,1954
95,81,3,1,1,2,1970
1,31,3,2,1,1,1962
24,51,4,2,1,1,1949
80,46,3,3,0,1,1976
1,99,3,3,1,1,1950
70,10,2,1,0,2,1947
97,75,2,1,0,2,1972
20,53,5,2,1,2,1940
51,3,6,3,1,1,1968
1,10,5,2,1,1,1968
100,58,5,1,0,2,1995
5,25,5,2,1,1,1972
56,50,4,3,0,2,1951
4,94,3,3,0,1,1990
65,71,2,1,1,2,1960
2,2,4,3,1,2,1980
34,40,3,2,0,2,1991
53,0,2,1,0,2,1960
99,72,3,1,0,2,1988
2,51,6,2,1,1,1971
81,6,3,1,1,1,1957
100,85,2,1,1,2,1973
52,6,6,1,1,1,1968
0,10,6,4,0,1,1988
75,73,2,1,1,2,1975
92,18,3,1,1,2,1934
100,51,1,1,0,1,1947
90,77,3,1,0,2,1989
95,89,5,2,0,2,1980
59,50,3,3,1,1,1992
11,6,3,2,1,1,1952
40,88,6,3,1,2,1958
89,80,1,1,0,2,1963
77,81,2,3,1,1,1953
48,98,2,1,1,2,1991
62,38,3,3,1,1,1977
91,29,6,1,1,1,1985
1,14,5,2,1,1,1976
100,81,2,1,0,2,1966
2,2,4,2,1,2,1993
53,99,1,1,1,1,1990
71,31,3,3,0,1,1954
15,40,4,3,0,1,1972
2,20,2,2,0,1,1957
92,19,3,4,1,1,1954
1,1,3,3,0,1,1993
60,21,4,1,0,2,1990
30,31,5,2,1,2,1958
0,0,3,3,0,1,1973
1,2,4,2,1,2,1966
73,68,3,1,0,2,1987
90,37,3,1,0,1,1967
77,71,2,1,1,2,1996
80,100,1,1,1,2,1981
75,19,4,3,0,1,1978
81,86,3,3,0,1,1951
56,49,3,3,0,2,1979
74,50,4,3,1,1,1977
0,1,3,2,0,2,1982
14,11,3,3,1,2,1950
0,0,5,2,1,1,1970
75,99,1,3,1,1,1967
34,55,3,3,1,1,1952
81,99,2,1,1,2,1991
91,21,2,1,0,1,1980
64,50,2,2,1,1,1956
1,52,6,2,0,2,1979
47,89,6,1,1,2,1995
0,0,5,3,1,1,1971
100,64,6,1,0,2,1964
4,19,4,2,1,1,1974
88,65,2,1,0,1,1963
0,15,4,4,1,1,1988
1,9,4,2,0,1,1988
63,97,4,1,0,2,1990
0,0,5,4,1,2,1982
53,53,4,3,0,1,1997
39,39,3,2,1,2,1965
0,92,3,4,1,1,1959
100,1,1,1,0,2,1991
8,54,3,4,1,2,1984
41,54,4,2,1,2,1979
25,32,4,1,1,1,1989
1,1,3,3,1,1,1981
29,45,6,3,1,2,1959
95,30,3,1,1,2,1964
2,79,4,3,0,1,1944
58,66,2,1,1,1,1988
85,34,1,3,0,2,1989
75,85,2,4,1,2,1993
1,10,4,4,1,1,1996
100,100,6,1,0,2,1994
61,30,6,4,1,1,1973
78,44,2,3,1,1,1975
19,31,3,3,1,2,1997
85,50,2,3,1,2,1940
2,100,6,3,1,2,1973
50,60,4,1,0,1,1951
2,51,3,3,1,2,1977
50,51,6,2,0,2,1994
40,75,2,1,0,2,1995
18,13,4,2,1,1,1967
1,60,6,4,1,2,1957
81,44,1,1,1,2,1987
30,73,2,3,1,1,1981
85,55,4,1,1,1,1980
63,61,3,1,0,1,1968
50,51,3,3,0,1,1985
30,50,3,3,1,1,1960
73,81,1,1,1,1,1993
89,49,2,1,1,2,1947
53,45,3,1,1,2,1985
0,52,4,2,1,1,1952
100,47,3,1,0,1,1960
0,1,4,2,1,1,1980
51,100,2,1,0,2,1977
100,39,3,1,0,2,1975
1,4,4,2,1,2,1962
100,6,3,5,0,2,1975
31,100,2,3,1,2,1958
2,49,3,1,0,2,1983
100,52,4,1,0,1,1961
16,71,3,3,0,1,1996
90,85,1,3,1,1,1984
19,43,5,2,0,2,1969
70,51,3,3,0,2,1956
5,16,4,2,1,1,1990
18,89,3,4,1,1,1967
71,90,1,1,1,1,1954
88,51,3,3,0,1,1986
1,1,4,2,1,2,1942
0,17,4,3,1,1,1964
0,100,2,1,1,1,1957
75,50,2,3,1,2,1981
91,76,4,1,0,2,1947
0,49,3,4,1,1,1984
89,75,4,2,0,1,1976
100,99,3,1,0,1,1961
100,88,6,1,0,1,1953
63,78,3,2,1,2,1966
6,54,3,4,1,2,1976
0,20,4,2,1,1,1975
66,45,3,3,0,1,1983
50,59,4,1,0,2,1968
93,50,6,1,0,1,1997
0,0,4,3,0,1,1964
78,65,1,3,1,1,1991
89,94,2,1,1,2,1954
100,15,1,1,0,2,1968
80,62,3,1,1,1,1956
8,50,3,3,0,1,1989
0,5,5,3,1,1,1957
3,61,3,3,1,1,1950
38,91,2,1,1,2,1975
61,94,2,1,0,2,1997
76,72,1,1,0,2,1996
55,97,4,1,1,1,1972
49,87,3,3,1,2,1997
83,52,3,1,0,2,1996
1,1,3,2,1,1,1989
11,84,3,3,1,2,1993
1,91,3,2,1,2,1997
70,50,2,2,1,1,1962
99,96,1,1,1,1,1972
91,100,2,1,0,2,1973
50,56,3,1,0,2,1992
73,62,6,4,0,2,1997
0,100,1,1,0,1,1978
33,53,4,4,1,2,1959
39,63,3,3,1,2,1979
1,2,4,3,1,2,1970
95,80,2,1,1,1,1944
11,28,6,4,1,1,1982
85,50,6,3,0,1,1997
88,43,2,1,0,1,1983
4,24,4,2,1,1,1987
4,13,6,4,1,1,1994
1,45,3,3,1,1,1990
99,91,4,1,1,2,1937
94,16,3,3,1,1,1984
88,57,3,3,0,2,1978
57,58,3,3,1,1,1984
55,90,2,1,1,2,1996
44,59,3,2,1,2,1981
97,54,4,1,0,1,1974
4,59,4,2,1,1,1970
71,82,1,1,1,2,1993
5,50,3,3,1,2,1960
2,100,3,3,1,1,1990
86,52,6,1,0,1,1987
76,54,6,1,1,1,1957
39,40,1,2,0,1,1990
44,52,3,1,0,1,1975
998,73,2,1,0,2,1954
100,4,2,1,0,2,1957
53,26,3,1,0,2,1988
37,99,3,3,0,2,1995
60,90,2,3,0,1,1974
52,33,3,2,1,1,1968
18,69,6,3,0,1,1963
12,18,5,2,1,1,1970
69,74,3,4,1,1,1990
27,100,3,1,1,1,1974
80,91,1,1,0,2,1961
88,2,6,3,0,1,1988
50,77,1,1,0,1,1996
50,88,6,1,1,2,1959
3,2,5,2,1,2,1988
56,57,3,3,1,1,1981
84,97,1,3,1,2,1977
100,51,5,1,0,1,1976
88,97,4,1,0,2,1972
47,88,1,1,1,2,1987
92,90,6,1,0,2,1982
61,50,6,3,1,2,1951
36,50,4,3,1,2,1980
49,26,3,3,1,2,1980
4,56,3,3,1,2,1996
13,57,3,2,1,2,1977
5,80,3,3,1,1,1959
36,34,4,1,0,1,1989
31,54,3,4,1,1,1973
62,100,2,1,1,2,1987
70,50,2,4,1,1,1985
0,13,5,2,0,1,1995
6,100,3,4,0,2,1987
89,90,2,1,1,1,1954
44,25,3,3,1,2,1959
19,61,4,2,1,2,1962
85,83,1,1,1,2,1987
70,52,3,3,1,2,1963
61,78,1,3,1,2,1925
88,80,1,1,0,1,1959
64,90,1,1,1,2,1992
1,100,6,3,1,1,1991
6,81,3,3,1,2,1956
30,998,6,3,1,2,1959
46,46,3,3,1,2,1952
0,41,3,3,1,1,1947
60,66,3,3,1,1,1976
75,95,1,3,1,1,1970
98,100,2,1,0,2,1943
31,100,3,1,1,1,1941
0,4,4,2,1,2,1931
0,52,4,3,1,2,1946
70,97,1,3,1,1,1979
27,100,1,4,1,1,1988
17,5,4,2,1,1,1982
73,71,3,1,0,2,1976
70,91,1,1,1,1,1956
41,100,2,1,1,1,1989
19,85,2,3,1,2,1997
1,1,5,2,1,1,1984
70,98,1,1,0,2,1978
51,3,3,4,1,2,1973
61,59,3,3,1,1,1966
11,15,5,3,1,2,1975
84,51,1,1,1,1,1990
3,30,5,2,1,1,1976
15,100,3,1,0,2,1992
20,90,6,4,1,2,1990
99,96,2,3,1,1,1954
2,19,4,2,1,1,1955
13,99,6,1,0,2,1989
47,22,2,2,1,2,1960
12,3,4,2,1,2,1948
9,52,6,3,1,1,1995
51,100,3,1,0,1,1983
1,29,5,2,1,1,1994
94,90,1,1,0,2,1995
9,77,6,3,0,2,1982
1,54,4,3,0,2,1978
13,26,2,3,0,2,1990
42,100,2,1,1,1,1944
89,68,4,3,0,2,1969
38,87,3,1,0,2,1994
77,99,1,1,0,2,1980
0,26,5,2,1,1,1978
38,39,4,2,1,1,1993
100,43,3,1,0,2,1958
55,87,3,4,0,2,1973
61,71,6,1,1,2,1949
55,64,2,5,1,2,1987
100,11,1,1,0,2,1976
0,100,2,1,1,1,1994
0,31,4,3,1,2,1954
10,90,2,1,1,2,1995
30,15,4,2,1,1,1995
15,94,2,4,0,2,1997
1,71,3,2,1,2,1977
6,19,4,3,1,2,1996
22,71,3,3,1,1,1987
90,57,3,4,0,2,1952
39,21,3,2,1,1,1992
71,73,3,1,0,2,1978
46,82,2,1,1,2,1981
84,39,3,1,1,1,1984
2,8,6,4,1,1,1977
0,60,1,3,1,1,1976
2,3,4,2,1,2,1940
81,100,1,1,1,2,1983
11,98,3,2,1,2,1996
5,1,4,2,1,1,1957
70,100,1,1,1,2,1990
60,99,1,1,1,1,1986
63,97,1,1,0,2,1986
0,60,6,3,1,2,1991
32,57,3,2,1,1,1983
50,57,2,1,1,2,1991
54,53,3,3,1,2,1981
50,74,3,3,1,1,1983
1,31,2,1,0,2,1981
90,99,3,3,0,1,1971
100,75,4,2,0,1,1989
59,49,3,3,0,1,1996
89,41,6,3,1,1,1978
50,100,1,1,1,2,1994
30,95,1,4,0,2,1990
40,70,1,3,1,2,1992
60,81,2,3,1,2,1986
45,58,2,3,1,2,1994
41,63,1,4,0,1,1986
94,84,4,1,0,2,1986
81,71,2,1,1,1,1988
71,100,3,3,1,1,1983
59,100,1,1,0,1,1993
72,64,2,3,1,2,1986
2,0,4,2,1,2,1937
1,87,3,3,1,1,1979
0,100,1,1,1,1,1988
1,100,1,3,1,2,1971
97,0,6,1,0,1,1992
0,0,5,3,1,1,1951
6,0,5,2,1,1,1977
4,4,6,3,1,1,1989
3,25,3,3,1,1,1974
1,0,4,2,1,1,1937
31,100,1,1,1,1,1987
1,998,4,4,1,2,1970
6,58,3,3,1,2,1967
2,15,5,2,1,2,1981
72,56,2,1,1,1,1993
22,53,3,2,1,2,1989
100,48,1,1,1,2,1995
99,41,3,1,1,2,1961
59,17,3,2,0,1,1973
71,20,1,1,0,2,1987
21,33,6,4,1,2,1953
99,28,3,3,0,1,1972
89,61,1,1,0,2,1964
9,29,3,2,1,1,1973
12,19,4,2,1,2,1942
14,32,5,2,1,1,1997
3,23,5,2,1,1,1987
87,48,2,3,0,2,1991
19,41,4,2,1,2,1991
58,33,3,1,1,2,1990
1,90,3,2,1,2,1993
95,61,3,3,1,2,1960
69,93,2,3,1,2,1987
100,998,4,1,0,1,1965
43,49,3,3,0,1,1993
55,90,2,1,1,2,1953
30,100,1,1,1,1,1980
38,93,3,3,1,2,1957
16,42,6,1,1,2,1989
0,60,2,2,1,2,1994
97,9,3,1,1,2,1986
60,50,3,1,1,2,1969
56,90,2,1,1,2,1993
6,56,3,3,1,2,1982
77,10,3,1,0,1,1994
12,79,3,3,1,2,1962
34,12,3,3,1,2,1985
99,54,5,2,0,2,1994
1,998,4,2,1,2,1973
63,47,3,1,0,2,1986
60,50,5,2,0,1,1985
31,0,6,2,1,2,1979
66,100,1,1,1,1,1996
70,100,2,1,1,2,1991
49,50,3,3,1,2,1993
76,50,3,1,1,2,1982
48,30,4,3,0,2,1973
1,43,4,2,1,1,1976
6,7,5,2,1,1,1969
76,50,6,1,0,2,1978
0,62,3,3,1,2,1994
6,3,6,2,1,2,1980
30,96,2,1,0,1,1975
3,100,1,3,1,1,1977
89,60,2,1,1,1,1993
75,85,4,1,1,1,1988
75,66,3,1,1,1,1954
56,50,3,3,1,1,1990
99,97,3,1,1,1,1974
41,46,5,5,0,2,1987
28,52,3,1,1,2,1990
20,79,2,3,0,1,1975
41,19,3,1,1,2,1979
67,96,1,1,1,1,1985
89,100,1,1,0,2,1971
22,92,2,2,1,2,1987
0,100,1,3,1,1,1989
0,40,4,2,1,2,1952
40,55,4,2,1,2,1991
13,55,3,1,0,2,1954
1,8,4,3,1,2,1982
0,50,4,4,1,2,1984
15,93,2,3,1,1,1992
69,100,2,1,1,2,1987
100,96,4,2,1,2,1979
56,16,6,3,1,2,1992
8,50,4,2,1,2,1968
55,81,2,1,0,2,1990
36,100,1,1,0,2,1994
19,40,2,1,1,2,1988
100,5,3,1,0,1,1985
30,91,2,3,1,2,1987
80,33,1,2,1,2,1986
2,35,6,2,1,1,1977
50,52,6,3,1,2,1992
0,9,4,2,0,2,1964
5,60,4,2,1,2,1986
0,0,4,2,0,1,1949
1,21,6,3,1,2,1962
47,54,3,2,1,2,1989
60,100,2,1,1,2,1988
0,50,6,3,1,2,1992
51,57,3,3,1,2,1995
65,55,3,1,0,1,1991
79,95,3,3,0,2,1954
59,49,3,2,1,2,1991
2,40,3,3,1,1,1986
31,57,2,3,1,1,1989
0,40,3,3,1,1,1985
40,98,1,4,1,1,1993
72,88,2,1,1,1,1997
76,39,2,1,0,2,1991
73,12,2,1,0,1,1979
99,85,2,1,0,2,1982
90,43,2,3,0,2,1986
70,40,2,2,0,1,1986
26,100,2,3,1,2,1996
100,76,2,1,0,1,1965
55,50,2,2,1,2,1958
24,96,2,3,1,1,1982
0,998,5,3,1,2,1992
99,52,3,1,1,2,1956
52,46,1,1,1,1,1989
72,57,2,1,0,2,1996
16,4,4,2,0,1,1974
100,51,3,1,0,1,1983
21,5,3,2,1,1,1988
1,3,3,3,0,2,1987
66,51,2,1,0,1,1996
64,49,4,3,1,2,1981
3,50,4,2,1,2,1965
97,97,2,1,0,1,1971
99,64,2,1,0,1,1960
6,3,3,4,1,1,1963
7,98,3,3,0,1,1989
55,96,2,1,1,1,1985
100,90,2,1,1,1,1991
36,92,1,1,1,1,1970
59,30,2,3,1,1,1952
3,51,5,2,1,2,1987
11,90,4,3,1,2,1962
50,50,6,3,0,2,1980
0,87,3,4,1,2,1965
32,51,6,1,1,1,1978
12,55,2,3,1,2,1951
0,0,5,3,1,1,1993
90,89,2,1,1,2,1976
94,64,2,3,1,2,1924
61,85,1,1,1,2,1953
58,68,1,1,0,1,1994
0,0,4,2,1,1,1969
76,89,1,3,1,1,1978
100,2,2,1,0,2,1990
64,72,1,2,1,1,1994
55,52,3,1,1,2,1992
1,7,4,2,1,2,1948
61,97,2,3,1,1,1991
78,64,3,3,0,2,1992
22,32,5,3,0,2,1996
18,95,3,4,1,1,1982
5,60,4,3,1,2,1983
12,24,3,3,1,2,1976
1,63,5,2,1,1,1984
0,0,4,2,1,2,1960
94,45,2,1,1,1,1953
24,61,6,1,1,2,1955
11,5,3,4,1,2,1977
84,29,2,1,1,1,1982
35,37,3,4,1,2,1981
6,82,3,2,1,1,1981
65,5,6,1,0,1,1978
52,5,1,2,0,2,1963
91,87,1,1,0,1,1935
38,99,2,3,1,2,1989
49,48,3,1,0,2,1965
54,100,2,3,1,1,1992
3,6,4,2,1,2,1961
94,98,2,1,1,2,1986
96,96,1,2,1,2,1990
84,65,3,3,0,1,1973
58,74,2,1,1,2,1990
16,35,3,2,1,2,1982
51,53,6,3,1,1,1989
27,53,3,2,1,2,1975
51,998,3,2,0,2,1962
2,1,4,2,0,1,1955
57,100,1,1,1,2,1989
80,96,2,1,1,2,1997
37,88,6,3,1,2,1989
22,81,4,5,1,2,1985
79,61,3,3,1,1,1963
100,0,2,2,0,2,1961
89,79,2,1,1,2,1976
36,74,3,3,1,1,1997
70,59,3,1,1,1,1966
72,69,4,2,1,2,1985
68,59,3,3,1,2,1973
20,94,1,1,0,2,1967
91,96,3,1,0,2,1975
0,50,4,2,1,2,1955
100,15,2,1,0,2,1970
85,59,3,3,1,1,1955
76,10,2,2,0,2,1957
0,0,3,3,1,2,1951
82,7,2,1,1,2,1980
52,43,3,1,1,2,1995
0,0,4,2,1,1,1954
31,89,2,3,1,1,1990
83,53,6,3,1,1,1973
3,73,3,3,0,1,1979
60,86,3,4,1,2,1957
5,54,3,3,1,1,1970
100,100,1,3,1,1,1981
59,97,1,1,1,1,1952
27,40,3,3,0,2,1992
56,100,3,1,1,2,1953
71,45,4,1,1,1,1988
49,68,4,3,1,1,1985
94,34,4,1,0,2,1977
92,79,6,2,1,2,1958
26,95,1,1,1,1,1994
70,40,3,3,1,1,1977
10,40,3,1,0,2,1978
